Table Name,Column Name,Lookup_code,Lookup Value,,Sample Data
,,,,,{
t_fir_accused_info,,,,,"""t_fir_accused_info"":["
,,,,,{
,accused_vid,,,,"""accused_vid"":119802,"
,accused_srno,,,,"""accused_srno"":92681020110000210,"
,lang_cd,mdm.m_lookup_masters.look_up_code : OFFCL_LANG,look_up_value,,"""lang_cd"":99,"
,accused_srno_migr,,,,"""accused_srno_migr"":92681020110000210,"
,fir_accused_srno_migr,,,,"""fir_accused_srno_migr"":92681020110000210,"
,fir_reg_num,,,,"""fir_reg_num"":381010012650004,"
,crm_detail_srno,,,,"""crm_detail_srno"":181828,"
,crm_seq_num,,,,"""crm_seq_num"":15,"
,reg_type_cd,,,,"""reg_type_cd"":25,"
,accused_rcn,,,,"""accused_rcn"":""RCN12345"","
,accused_ncn,,,,"""accused_ncn"":""NCN54321"","
,accused_known,,,,"""accused_known"":true,"
,first_name,,,,"""first_name"":""Zulfiqar Hussan "","
,middle_name,,,,"""middle_name"":""Zunoon "","
,last_name,,,,"""last_name"":""Zeya"","
,first_name_eng,,,,"""first_name_eng"":""TEst TEst TEst"","
,middle_name_eng,,,,"""middle_name_eng"":""test data"","
,last_name_eng,,,,"""last_name_eng"":""yadav"","
,relation_type_cd,mdm.m_lookup_masters.look_up_code : RELATION_TYP,look_up_value,,"""relation_type_cd"":52,"
,relative_name,,,,"""relative_name"":""Zulfikar Ali"","
,relative_name_eng,,,,"""relative_name_eng"":""Suresh Sharma"","
,othr_rel_type_cd,mdm.m_lookup_masters.look_up_code : RELATION_TYP,look_up_value,,"""othr_rel_type_cd"":9,"
,othr_rel_name,,,,"""othr_rel_name"":""ssssss"","
,othr_rel_name_eng,,,,"""othr_rel_name_eng"":""sssssss"","
,othr_rel_mobile_num,,,,"""othr_rel_mobile_num"":9999999999,"
,age_type_cd,,,,"""age_type_cd"":3,"
,age_yrs,,,,"""age_yrs"":145,"
,age_mnths,,,,"""age_mnths"":9,"
,yob,,,,"""yob"":2013,"
,dob,,,,"""dob"":""2011-11-20"","
,age_from_yrs,,,,"""age_from_yrs"":99,"
,age_to_yrs,,,,"""age_to_yrs"":70,"
,mobile_num,,,,"""mobile_num"":9988776655,"
,telephone,,,,"""telephone"":""91--51079690"","
,email,,,,"""email"":""yousaflankarckey@email.com"","
,nationality_cd,mdm.m_lookup_masters.look_up_code : NATIONALITY,look_up_value,,"""nationality_cd"":209,"
,category_cd,mdm.m_lookup_masters.look_up_code : CATEGORY,look_up_value,,"""category_cd"":5,"
,occupation_cd,mdm.m_lookup_masters.look_up_code : OCCUPATION,look_up_value,,"""occupation_cd"":216,"
,age_proof_type_cd,mdm.m_lookup_masters.look_up_code : AGE_DETERM,look_up_value,,"""age_proof_type_cd"":3,"
,income_group_cd,mdm.m_lookup_masters.look_up_code : INCOME_GROUP,look_up_value,,"""income_group_cd"":7,"
,gender_cd,mdm.m_lookup_masters.look_up_code : GENDER,look_up_value,,"""gender_cd"":4,"
,religion_cd,mdm.m_lookup_masters.look_up_code : RELIGION,look_up_value,,"""religion_cd"":12,"
,marital_status_cd,mdm.m_lookup_masters.look_up_code : MARTL_STATUS,look_up_value,,"""marital_status_cd"":7,"
,edu_qual_cd,mdm.m_lookup_masters.look_up_code : EDU_QUAL,look_up_value,,"""edu_qual_cd"":[""8"", ""17""],"
,is_accused_police,,,,"""is_accused_police"":true,"
,is_acc_pol_witnin_ps,,,,"""is_acc_pol_witnin_ps"":false,"
,police_gpf_num,,,,"""police_gpf_num"":0,"
,police_office_name,,,,"""police_office_name"":""N/A"","
,acc_police_cd,??,??,,"""acc_police_cd"":14271510911575,"
,is_proclaimed_offender,,,,"""is_proclaimed_offender"":true,"
,is_accused_infirm,,,,"""is_accused_infirm"":true,"
,has_dysp_apprv_taken,,,,"""has_dysp_apprv_taken"":true,"
,has_dysp_apprv,,,,"""has_dysp_apprv"":false,"
,dysp_apprv_dt,,,,"""dysp_apprv_dt"":""2026-03-01T10:15:30"","
,sent_to_dysp_dt,,,,"""sent_to_dysp_dt"":""2026-05-19T12:51:07.443815"","
,dysp_sending_remrk,,,,"""dysp_sending_remrk"":""Sent for approval"","
,dysp_login_id,??,??,,"""dysp_login_id"":2001,"
,dysp_app_rej_remrk,,,,"""dysp_app_rej_remrk"":""Approved"","
,accused_priority,,,,"""accused_priority"":362,"
,is_juvenile,,,,"""is_juvenile"":true,"
,is_accused_disable,,,,"""is_accused_disable"":true,"
,physical_cond_cd,??,??,,"""physical_cond_cd"":5,"
,is_age_proof_req,,,,"""is_age_proof_req"":true,"
,is_med_exam_req,,,,"""is_med_exam_req"":true,"
,rel_mobile_num,,,,"""rel_mobile_num"":9999999999,"
,rel_telephone,,,,"""rel_telephone"":""1212121233213213123"","
,height_from_cm,,,,"""height_from_cm"":""99.06"","
,height_to_cm,,,,"""height_to_cm"":""99.06"","
,is_photo_taken,,,,"""is_photo_taken"":true,"
,criminal_gang_cd,??,??,,"""criminal_gang_cd"":0,"
,injury_details,,,,"""injury_details"":""No visible injury"","
,arrest_type_cd,mdm.m_lookup_masters.look_up_code :ARR_SURR_TYPE,look_up_value,,"""arrest_type_cd"":2,"
,arr_surr_srno,,,,"""arr_surr_srno"":3810100426000007,"
,surrenderd_estbl_cd,??,??,,"""surrenderd_estbl_cd"":""EST123"","
,arrest_surr_stat_id,mdm.m_state.state_id,"state, state_cd",,"""arrest_surr_stat_id"":10,"
,arrest_surr_dist_id,mdm.m_district.district_id,"district, district_cd",,"""arrest_surr_dist_id"":101,"
,acc_surr_magistrate,,,,"""acc_surr_magistrate"":""Name Name Name Name "","
,arrest_surr_dt,,,,"""arrest_surr_dt"":""2026-05-26T11:41:00"","
,arrest_action_taken_cd,mdm.m_lookup_masters.look_up_code :ARRST_ACTN,look_up_value,,"""arrest_action_taken_cd"":7,"
,is_re_arrested,,,,"""is_re_arrested"":true,"
,re_arr_surr_srno,,,,"""re_arr_surr_srno"":0,"
,custody_action_other,,,,"""custody_action_other"":""Produced before magistrate"","
,arr_intimate_rel_cd,??,??,,"""arr_intimate_rel_cd"":28,"
,arr_intimate_rel_name,,,,"""arr_intimate_rel_name"":""Suresh Patil"","
,arr_intimate_dt,,,,"""arr_intimate_dt"":""2026-05-25T00:09:00"","
,arr_intimate_mode_cd,??,??,,"""arr_intimate_mode_cd"":7,"
,is_acc_fp_taken,,,,"""is_acc_fp_taken"":true,"
,is_acc_fp_chance,,,,"""is_acc_fp_chance"":true,"
,is_acc_dangerous,,,,"""is_acc_dangerous"":true,"
,has_acc_prev_jump_bail,,,,"""has_acc_prev_jump_bail"":true,"
,is_acc_gen_armed,,,,"""is_acc_gen_armed"":true,"
,is_acc_operates_accompl,,,,"""is_acc_operates_accompl"":true,"
,is_acc_known_criminal,,,,"""is_acc_known_criminal"":true,"
,is_acc_recidivist,,,,"""is_acc_recidivist"":true,"
,does_acc_likely_jump_bail,,,,"""does_acc_likely_jump_bail"":true,"
,after_bail_commits_crime,,,,"""after_bail_commits_crime"":true,"
,is_wanted_other_case,,,,"""is_wanted_other_case"":true,"
,accused_status_cd,mdm.m_lookup_masters.look_up_code :ACC_STATUS,look_up_value,,"""accused_status_cd"":26,"
,crpi_id,,,,"""crpi_id"":""CRPI123456"","
,eprison_id,,,,"""eprison_id"":""EPR123456"","
,other_occupation,,,,"""other_occupation"":""Tourist at Leh"","
,other_living_status,,,,"""other_living_status"":""Tenant"","
,interro_srno,,,,"""interro_srno"":5001,"
,blood_group_cd,mdm.m_lookup_masters.look_up_code : BLOOD_GROUP,look_up_value,,"""blood_group_cd"":9,"
,intimation_given_to,,,,"""intimation_given_to"":""Family"","
,oth_identification_marks,,,,"""oth_identification_marks"":""Yet to find"","
,bg_report_srno,,,,"""bg_report_srno"":3001,"
,record_status,,,,"""record_status"":""D"","
,record_created_on,,,,"""record_created_on"":""2026-05-26T16:17:13.520216"","
,record_created_by,users.t_police_staff_info.staff_id,"first_name, middle_name, last_name, login_id, rank_desc, rank_desc",,"""record_created_by"":4891,"
,record_updated_on,,,,"""record_updated_on"":""2026-05-26T16:17:13.520224"","
,record_updated_by,users.t_police_staff_info.staff_id,"first_name, middle_name, last_name, login_id, rank_desc, rank_desc",,"""record_updated_by"":4881,"
,record_sync_on,,,,"""record_sync_on"":""2026-03-16T00:00:00"","
,record_sync_from,,,,"""record_sync_from"":""MIGR_BATCH_1_2026-05-15_14_21"","
,social_media,,,,"""social_media"":[{""id"": ""ffff1d51-7f93-490f-9785-da91c45084c9"", ""socialMediaUrl"": ""test1234567890"", ""socialMediaTypeCd"": 5}],"
,language_used,,,,"""language_used"":[""Hindi"", ""Eng""],"
,alias,,,,"""alias"":[{""id"": null, ""alias"": ""test data"", ""aliasEng"": ""test data""}],"
,other_reg_type_cd,mdm.m_lookup_masters.look_up_code : LINK_REG_TYPE,look_up_value,,"""other_reg_type_cd"":0,"
,other_reg_num,,,,"""other_reg_num"":0,"
,arrest_surr_ps_id,mdm.m_police_station.ps_id,"ps, ps_cd",,"""arrest_surr_ps_id"":20661,"
,is_med_assis_req,,,,"""is_med_assis_req"":null,"
,med_mode_of_transport,,,,"""med_mode_of_transport"":null,"
,nfn_num,,,,"""nfn_num"":null,"
,build_type_cd,mdm.m_lookup_masters.look_up_code :PHY_FEAT_PCODE_BUILD,look_up_value,,"""build_type_cd"":6,"
,complexion_type_cd,mdm.m_lookup_masters.look_up_code :PHY_FEAT_PCODE_COMPL,look_up_value,,"""complexion_type_cd"":570,"
,living_status_cd,mdm.m_lookup_masters.look_up_code : LIVING_STATUS,look_up_value,,"""living_status_cd"":9"
,,,,,}
,,,,,"],"
t_accused_procl_offender,,,,,"""t_accused_procl_offender"":["
,,,,,{
,procl_offend_srno,,,,"""procl_offend_srno"":12412,"
,lang_cd,mdm.m_lookup_masters.look_up_code : OFFCL_LANG,look_up_value,,"""lang_cd"":99,"
,accused_srno_migr,,,,"""accused_srno_migr"":null,"
,fir_reg_num,,,,"""fir_reg_num"":381010012600017,"
,accused_srno,,,,"""accused_srno"":38101001260000015,"
,procl_offend_cd_srno,,,,"""procl_offend_cd_srno"":null,"
,procl_offend_cd_dt,,,,"""procl_offend_cd_dt"":null,"
,procl_court_estbl_cd,??,??,,"""procl_court_estbl_cd"":""LDLH01"","
,procl_offend_court_name,,,,"""procl_offend_court_name"":""dscsdcsddccdc"","
,procl_offend_court_loc,,,,"""procl_offend_court_loc"":null,"
,procl_offend_remarks,,,,"""procl_offend_remarks"":""gbgfdbgfdbgfbfgb"","
,procl_offend_order_num,,,,"""procl_offend_order_num"":""52311"","
,procl_offend_order_dt,,,,"""procl_offend_order_dt"":""2026-05-13T00:00:00"","
,is_procl_read_out,,,,"""is_procl_read_out"":true,"
,reason_procl_read_out,,,,"""reason_procl_read_out"":""dcdsdscds"","
,is_video_recorded,,,,"""is_video_recorded"":true,"
,reason_video_recorded,,,,"""reason_video_recorded"":null,"
,is_video_attach,,,,"""is_video_attach"":true,"
,reason_video_attach,,,,"""reason_video_attach"":""dcadscdsacsd"","
,is_house_identified,,,,"""is_house_identified"":true,"
,reason_house_identified,,,,"""reason_house_identified"":null,"
,is_house_photo_capture,,,,"""is_house_photo_capture"":true,"
,reason_house_photo_capture,,,,"""reason_house_photo_capture"":null,"
,is_house_photo_attach,,,,"""is_house_photo_attach"":true,"
,reason_house_photo_attach,,,,"""reason_house_photo_attach"":""dcsacdss"","
,is_procl_affixed,,,,"""is_procl_affixed"":true,"
,reason_procl_affixed,,,,"""reason_procl_affixed"":null,"
,is_affixed_photo_capture,,,,"""is_affixed_photo_capture"":true,"
,reason_affixed_photo_capture,,,,"""reason_affixed_photo_capture"":""dcsacasdc"","
,is_homestead_photo_attach,,,,"""is_homestead_photo_attach"":true,"
,reason_homestead_photo_attach,,,,"""reason_homestead_photo_attach"":null,"
,record_status,,,,"""record_status"":""D"","
,record_created_on,,,,"""record_created_on"":""2026-05-26T09:52:21.832142"","
,record_created_by,users.t_police_staff_info.staff_id,"first_name, middle_name, last_name, login_id, rank_desc",,"""record_created_by"":4370,"
,record_updated_on,,,,"""record_updated_on"":""2026-05-26T09:51:05.9271"","
,record_updated_by,users.t_police_staff_info.staff_id,"first_name, middle_name, last_name, login_id, rank_desc",,"""record_updated_by"":null,"
,record_sync_from,,,,"""record_sync_from"":null,"
,record_sync_on,,,,"""record_sync_on"":null,"
,accused_vid,,,,"""accused_vid"":107342,"
,case_diary_srno,,,,"""case_diary_srno"":null"
,,,,,}
,,,,,"],"
t_accused_procl_files,,,,,"""t_accused_procl_files"":["
,,,,,{
,procl_file_srno,,,,"""procl_file_srno"":null,"
,lang_cd,mdm.m_lookup_masters.look_up_code : OFFCL_LANG,look_up_value,,"""lang_cd"":null,"
,accused_file_srno_migr,,,,"""accused_file_srno_migr"":null,"
,accused_srno_migr,,,,"""accused_srno_migr"":null,"
,procl_offend_srno,,,,"""procl_offend_srno"":null,"
,file_srno,,,,"""file_srno"":null,"
,file_type_cd,mdm.m_lookup_masters.look_up_code : UPLOAD_FILE_TYP,look_up_value,,"""file_type_cd"":null,"
,file_type,,,,"""file_type"":null,"
,file_subtype_cd,mdm.m_lookup_masters.look_up_code : UPLOAD_FILE_SUB_TYP,look_up_value,,"""file_subtype_cd"":null,"
,file_subtype,,,,"""file_subtype"":null,"
,file_name,,,,"""file_name"":null,"
,file_path,,,,"""file_path"":null,"
,file_belongs_to,,,,"""file_belongs_to"":null,"
,file_belongs_to_srno,,,,"""file_belongs_to_srno"":null,"
,file_guid,,,,"""file_guid"":null,"
,file_desc,,,,"""file_desc"":null,"
,file_size,,,,"""file_size"":null,"
,record_status,,,,"""record_status"":null,"
,record_created_on,,,,"""record_created_on"":null,"
,record_created_by,users.t_police_staff_info.staff_id,"first_name, middle_name, last_name, login_id, rank_desc",,"""record_created_by"":null,"
,record_updated_on,,,,"""record_updated_on"":null,"
,record_updated_by,users.t_police_staff_info.staff_id,"first_name, middle_name, last_name, login_id, rank_desc",,"""record_updated_by"":null,"
,record_sync_from,,,,"""record_sync_from"":null,"
,record_sync_on,,,,"""record_sync_on"":null"
,,,,,}
,,,,,"],"
t_fir_accused_address,,,,,"""t_fir_accused_address"":["
,,,,,{
,fir_acc_addr_srno,,,,"""fir_acc_addr_srno"":4379,"
,lang_cd,mdm.m_lookup_masters.look_up_code : OFFCL_LANG,look_up_value,,"""lang_cd"":99,"
,accused_vid,,,,"""accused_vid"":119796,"
,acc_addr_srno_migr,,,,"""acc_addr_srno_migr"":5381020012500300102,"
,accused_srno_migr,,,,"""accused_srno_migr"":53810200125003001,"
,address_type_cd,mdm.m_lookup_masters.look_up_code : ADD_TYP,look_up_value,,"""address_type_cd"":2,"
,address_line_1,,,,"""address_line_1"":""ward 01"","
,address_line_2,,,,"""address_line_2"":""TORRE SACCHETTI   SIC"","
,address_line_3,,,,"""address_line_3"":""Tourist at "","
,sub_district_cd,mdm.m_sub_district.sub_district_cd,sub_district,,"""sub_district_cd"":356325920,"
,village_cd,mdm.m_subdist_villages.village_cd,village_name,,"""village_cd"":35603064980645200,"
,village,,,,"""village"":""Zirakpur"","
,tehsil,,,,"""tehsil"":""Zanskar "","
,country_cd,mdm.m_lookup_masters.look_up_code : NATIONALITY,look_up_value,,"""country_cd"":209,"
,pincode,,,,"""pincode"":835221,"
,is_perm_addr_same,,,,"""is_perm_addr_same"":true,"
,address_eng,,,,"""address_eng"":""KUNDAN KIBITHOO CIRCLE ANJAW ARUNACHAL PRADESH  INDIA"","
,outside_india_addr,,,,"""outside_india_addr"":""outside india full adress"","
,is_comm_addr,,,,"""is_comm_addr"":true,"
,record_status,,,,"""record_status"":""D"","
,record_created_on,,,,"""record_created_on"":""2026-05-26T14:19:31.935017"","
,record_created_by,users.t_police_staff_info.staff_id,"first_name, middle_name, last_name, login_id, rank_desc, rank_desc",,"""record_created_by"":4849,"
,record_updated_on,,,,"""record_updated_on"":""2026-05-26T14:19:31.935018"","
,record_updated_by,users.t_police_staff_info.staff_id,"first_name, middle_name, last_name, login_id, rank_desc, rank_desc",,"""record_updated_by"":4370,"
,record_sync_from,,,,"""record_sync_from"":""MIGR_BATCH_1_2026-04-30_14_13"","
,record_sync_on,,,,"""record_sync_on"":null,"
,lg_district_cd,mdm.m_district.lg_district_cd,lg_district_name,,"""lg_district_cd"":98956,"
,ps_id,mdm.m_police_station.ps_id,"ps, ps_cd",,"""ps_id"":20411005,"
,state_id,mdm.m_state.state_id,"state, state_cd",,"""state_id"":77"
,,,,,}
,,,,,"],"
t_fir_acc_national_id,,,,,"""t_fir_acc_national_id"":["
,,,,,{
,national_id_srno,,,,"""national_id_srno"":25603,"
,lang_cd,mdm.m_lookup_masters.look_up_code : OFFCL_LANG,look_up_value,,"""lang_cd"":99,"
,national_id_srno_migr,,,,"""national_id_srno_migr"":3810201125001000101,"
,accused_srno_migr,,,,"""accused_srno_migr"":38102011250010001,"
,accused_vid,,,,"""accused_vid"":119796,"
,national_id_type_cd,mdm.m_lookup_masters.look_up_code : NTNL_ID_DOC_TYP,look_up_value,,"""national_id_type_cd"":8,"
,national_id_num,,,,"""national_id_num"":""P08012002280121"","
,passport_issue_dt,,,,"""passport_issue_dt"":""2020-05-15T00:00:00"","
,passport_issue_plc,,,,"""passport_issue_plc"":""Pune"","
,record_status,,,,"""record_status"":""D"","
,record_created_on,,,,"""record_created_on"":""2026-05-26T14:19:31.93734"","
,record_created_by,users.t_police_staff_info.staff_id,"first_name, middle_name, last_name, login_id, rank_desc, rank_desc",,"""record_created_by"":4844,"
,record_updated_on,,,,"""record_updated_on"":""2026-05-26T14:19:31.937341"","
,record_updated_by,users.t_police_staff_info.staff_id,"first_name, middle_name, last_name, login_id, rank_desc, rank_desc",,"""record_updated_by"":4370,"
,record_sync_from,,,,"""record_sync_from"":""MIGR_BATCH_2_2026-05-15_15_56"","
,record_sync_on,,,,"""record_sync_on"":null"
,,,,,}
,,,,,"],"
t_fir_accused_bank_dtls,,,,,"""t_fir_accused_bank_dtls"":["
,,,,,{
,bankcard_id_srno,,,,"""bankcard_id_srno"":133,"
,lang_cd,mdm.m_lookup_masters.look_up_code : OFFCL_LANG,look_up_value,,"""lang_cd"":99,"
,bankcard_id_srno_migr,,,,"""bankcard_id_srno_migr"":null,"
,accused_srno_migr,,,,"""accused_srno_migr"":null,"
,accused_vid,,,,"""accused_vid"":119796,"
,bank_cd,,,,"""bank_cd"":101,"
,account_type_cd,mdm.m_lookup_masters.look_up_code : ACCNT_TYP,look_up_value,,"""account_type_cd"":4,"
,account_num,,,,"""account_num"":""XXXXXXXXXX1234"","
,bankother_info,,,,"""bankother_info"":""SBI Main Branch, Account holder since 2020"","
,record_status,,,,"""record_status"":""D"","
,record_created_on,,,,"""record_created_on"":""2026-05-26T14:19:31.936148"","
,record_created_by,users.t_police_staff_info.staff_id,"first_name, middle_name, last_name, login_id, rank_desc, rank_desc",,"""record_created_by"":4370,"
,record_updated_on,,,,"""record_updated_on"":""2026-05-26T14:19:31.936149"","
,record_updated_by,users.t_police_staff_info.staff_id,"first_name, middle_name, last_name, login_id, rank_desc, rank_desc",,"""record_updated_by"":4370,"
,record_sync_from,,,,"""record_sync_from"":null,"
,record_sync_on,,,,"""record_sync_on"":null"
,,,,,}
,,,,,"],"
t_fir_accused_files,,,,,"""t_fir_accused_files"":["
,,,,,{
,accused_file_srno,,,,"""accused_file_srno"":43,"
,lang_cd,mdm.m_lookup_masters.look_up_code : OFFCL_LANG,look_up_value,,"""lang_cd"":99,"
,accused_file_srno_migr,,,,"""accused_file_srno_migr"":null,"
,accused_srno_migr,,,,"""accused_srno_migr"":null,"
,accused_vid,,,,"""accused_vid"":119793,"
,crm_detail_srno,,,,"""crm_detail_srno"":null,"
,crm_seq_num,,,,"""crm_seq_num"":null,"
,file_srno,,,,"""file_srno"":1,"
,file_type_cd,mdm.m_lookup_masters.look_up_code : UPLOAD_FILE_TYP,look_up_value,,"""file_type_cd"":10,"
,file_subtype_cd,mdm.m_lookup_masters.look_up_code : UPLOAD_FILE_SUB_TYP,look_up_value,,"""file_subtype_cd"":143,"
,file_name,,,,"""file_name"":""RadioButton Implementation & Migration Guide.pdf"","
,file_path,,,,"""file_path"":""MANIPUR_20/BISHENPUR_20411/BISHENPUR_20411005/save/APPREHEND/"","
,file_belongs_to,,,,"""file_belongs_to"":""PHOTOGRAPH"","
,file_belongs_to_srno,,,,"""file_belongs_to_srno"":3810100126000073,"
,file_guid,,,,"""file_guid"":""ARREST_MEMO_3810100126000026_da2ade0f17664dfd9b4f8e50ce9dd94a.png"","
,file_desc,,,,"""file_desc"":""lace of SURRENDERlace of SURRENDERlace of SURRENDERlace of SURRENDER"","
,file_size,,,,"""file_size"":424820,"
,record_status,,,,"""record_status"":""C"","
,record_created_on,,,,"""record_created_on"":""2026-05-26T11:44:10.395188"","
,record_created_by,users.t_police_staff_info.staff_id,"first_name, middle_name, last_name, login_id, rank_desc, rank_desc",,"""record_created_by"":4370,"
,record_updated_on,,,,"""record_updated_on"":null,"
,record_updated_by,users.t_police_staff_info.staff_id,"first_name, middle_name, last_name, login_id, rank_desc, rank_desc",,"""record_updated_by"":null,"
,record_sync_from,,,,"""record_sync_from"":null,"
,record_sync_on,,,,"""record_sync_on"":null"
,,,,,}
,,,,,"],"
t_fir_accused_phy_feature,,,,,"""t_fir_accused_phy_feature"":["
,,,,,{
,acc_phy_feat_srno,,,,"""acc_phy_feat_srno"":3550,"
,lang_cd,mdm.m_lookup_masters.look_up_code : OFFCL_LANG,look_up_value,,"""lang_cd"":99,"
,acc_phy_feat_srno_migr,,,,"""acc_phy_feat_srno_migr"":null,"
,accused_srno_migr,,,,"""accused_srno_migr"":92581020010000286,"
,accused_vid,,,,"""accused_vid"":119793,"
,phy_feat_category_cd,,,,"""phy_feat_category_cd"":20,"
,phy_feature_maj_cd,,,,"""phy_feature_maj_cd"":686,"
,phy_feature_min_cd,,,,"""phy_feature_min_cd"":546,"
,record_status,,,,"""record_status"":""D"","
,record_created_on,,,,"""record_created_on"":""2026-05-26T11:44:10.353031"","
,record_created_by,users.t_police_staff_info.staff_id,"first_name, middle_name, last_name, login_id, rank_desc, rank_desc",,"""record_created_by"":4849,"
,record_updated_on,,,,"""record_updated_on"":""2026-05-25T00:10:30.069676"","
,record_updated_by,users.t_police_staff_info.staff_id,"first_name, middle_name, last_name, login_id, rank_desc, rank_desc",,"""record_updated_by"":4370,"
,record_sync_from,,,,"""record_sync_from"":""MIGR"","
,record_sync_on,,,,"""record_sync_on"":""2025-08-25T00:00:00"","
,phy_feat_category,,,,"""phy_feat_category"":""VOICE"","
,phy_feature_major,,,,"""phy_feature_major"":""YES"","
,phy_feature_minor,,,,"""phy_feature_minor"":""WHEATISH"""
,,,,,}
,,,,,"],"
t_fir_accused_id_marks,,,,,"""t_fir_accused_id_marks"":["
,,,,,{
,fir_acc_id_marks_srno,,,,"""fir_acc_id_marks_srno"":148,"
,lang_cd,mdm.m_lookup_masters.look_up_code : OFFCL_LANG,look_up_value,,"""lang_cd"":99,"
,fir_acc_id_marks_srno_migr,,,,"""fir_acc_id_marks_srno_migr"":1426803019000300101,"
,accused_srno_migr,,,,"""accused_srno_migr"":14268030190003001,"
,accused_vid,,,,"""accused_vid"":119793,"
,id_marks_type_cd,mdm.m_lookup_masters.look_up_code : IDENTITY_MARKS,look_up_value,,"""id_marks_type_cd"":102,"
,body_part_loc_cd,,,,"""body_part_loc_cd"":321,"
,tattoo_type_cd,,,,"""tattoo_type_cd"":3,"
,tattoo_mark_desc,,,,"""tattoo_mark_desc"":""OM tattoo"","
,record_status,,,,"""record_status"":""D"","
,record_created_on,,,,"""record_created_on"":""2026-05-26T11:44:10.353031"","
,record_created_by,users.t_police_staff_info.staff_id,"first_name, middle_name, last_name, login_id, rank_desc, rank_desc",,"""record_created_by"":4370,"
,record_updated_on,,,,"""record_updated_on"":""2026-05-25T00:10:30.069676"","
,record_updated_by,users.t_police_staff_info.staff_id,"first_name, middle_name, last_name, login_id, rank_desc, rank_desc",,"""record_updated_by"":4370,"
,record_sync_from,,,,"""record_sync_from"":""MIGR_BATCH_1_2026-04-30_15_13"","
,record_sync_on,,,,"""record_sync_on"":null"
,,,,,}
,,,,,"],"
t_fir_accused_dress,,,,,"""t_fir_accused_dress"":["
,,,,,{
,acc_dress_srno,,,,"""acc_dress_srno"":16437,"
,lang_cd,mdm.m_lookup_masters.look_up_code : OFFCL_LANG,look_up_value,,"""lang_cd"":99,"
,fir_accused_srno_migr,,,,"""fir_accused_srno_migr"":92681020110000208,"
,accused_vid,,,,"""accused_vid"":119793,"
,accused_srno,,,,"""accused_srno"":92681020110000208,"
,fir_reg_num,,,,"""fir_reg_num"":381010012600049,"
,reg_type_cd,,,,"""reg_type_cd"":2,"
,crm_detail_srno,,,,"""crm_detail_srno"":null,"
,crm_seq_num,,,,"""crm_seq_num"":null,"
,dress_for_cd,,,,"""dress_for_cd"":8,"
,dress_type_cd,,,,"""dress_type_cd"":443,"
,dress_type,,,,"""dress_type"":""MALE SEASONAL/ACCESSORIES TOP"","
,dress_subtype_cd,,,,"""dress_subtype_cd"":688,"
,dress_subtype,,,,"""dress_subtype"":""WINTER SWEATER"","
,othr_dress_dtls,,,,"""othr_dress_dtls"":""other type "","
,record_status,,,,"""record_status"":""D"","
,record_created_on,,,,"""record_created_on"":""2026-05-26T11:44:10.353031"","
,record_created_by,users.t_police_staff_info.staff_id,"first_name, middle_name, last_name, login_id, rank_desc, rank_desc",,"""record_created_by"":4891,"
,record_updated_on,,,,"""record_updated_on"":""2026-05-22T14:38:57.206215"","
,record_updated_by,users.t_police_staff_info.staff_id,"first_name, middle_name, last_name, login_id, rank_desc, rank_desc",,"""record_updated_by"":4863,"
,record_sync_from,,,,"""record_sync_from"":""MIGR"","
,record_sync_on,,,,"""record_sync_on"":""2026-03-16T00:00:00"","
,dress_for,,,,"""dress_for"":""Male"""
,,,,,}
,,,,,"],"
t_fir_accused_med_exam,,,,,"""t_fir_accused_med_exam"":["
,,,,,{
,acc_med_exam_srno,,,,"""acc_med_exam_srno"":null,"
,lang_cd,mdm.m_lookup_masters.look_up_code : OFFCL_LANG,look_up_value,,"""lang_cd"":null,"
,accused_vid,,,,"""accused_vid"":null,"
,hosp_visit_dt,,,,"""hosp_visit_dt"":null,"
,hospital_name,,,,"""hospital_name"":null,"
,doctor_name,,,,"""doctor_name"":null,"
,hospital_address,,,,"""hospital_address"":null,"
,in_protect_person_det,,,,"""in_protect_person_det"":null,"
,record_status,,,,"""record_status"":null,"
,record_created_on,,,,"""record_created_on"":null,"
,record_created_by,users.t_police_staff_info.staff_id,"first_name, middle_name, last_name, login_id, rank_desc",,"""record_created_by"":null,"
,record_updated_on,,,,"""record_updated_on"":null,"
,record_updated_by,users.t_police_staff_info.staff_id,"first_name, middle_name, last_name, login_id, rank_desc",,"""record_updated_by"":null,"
,record_sync_from,,,,"""record_sync_from"":null,"
,record_sync_on,,,,"""record_sync_on"":null"
,,,,,}
,,,,,"],"
t_fir_multi_accused,,,,,"""t_fir_multi_accused"":["
,,,,,{
,fir_multi_acc_srno,,,,"""fir_multi_acc_srno"":16,"
,lang_cd,mdm.m_lookup_masters.look_up_code : OFFCL_LANG,look_up_value,,"""lang_cd"":99,"
,crm_multi_acc_srno_migr,,,,"""crm_multi_acc_srno_migr"":null,"
,fir_reg_num,,,,"""fir_reg_num"":381010012600043,"
,accused_vid,,,,"""accused_vid"":119755,"
,accused_srno,,,,"""accused_srno"":3810100126000042,"
,exist_fir_reg_num,,,,"""exist_fir_reg_num"":null,"
,exist_accused_srno,,,,"""exist_accused_srno"":null,"
,exist_accused_uniq_num,,,,"""exist_accused_uniq_num"":null,"
,full_name,,,,"""full_name"":""Ramu singh bhagat"","
,record_status,,,,"""record_status"":""C"","
,record_created_on,,,,"""record_created_on"":""2026-05-19T10:18:06.034742"","
,record_created_by,users.t_police_staff_info.staff_id,"first_name, middle_name, last_name, login_id, rank_desc",,"""record_created_by"":4370,"
,record_updated_on,,,,"""record_updated_on"":null,"
,record_updated_by,users.t_police_staff_info.staff_id,"first_name, middle_name, last_name, login_id, rank_desc",,"""record_updated_by"":null"
,,,,,}
,,,,,]
,,,,,}
