Table Name,Column Name,Lookup_code,Lookup Value,Sample Data
,,,,{
t_apprehend_act_section,,,,"""t_apprehend_act_section"":["
,,,,{
,apprehend_act_srno,,,"""apprehend_act_srno"":2592,"
,lang_cd,mdm.m_lookup_masters.look_up_code : OFFCL_LANG,look_up_value,"""lang_cd"":99,"
,apprehend_act_srno_migr,,,"""apprehend_act_srno_migr"":142710262200011003,"
,apprehend_srno,,,"""apprehend_srno"":381010032200011,"
,act_cd,mdm.m_act.act_cd,act_long,"""act_cd"":3039,"
,section_cd,mdm.m_section.section_code,"section, section_desc","""section_cd"":""490-3181"","
,record_status,,,"""record_status"":""C"","
,record_created_on,,,"""record_created_on"":""2025-06-20T18:48:47.087"","
,record_created_by,users.t_police_staff_info.staff_id,"first_name, middle_name, last_name, login_id, rank_desc","""record_created_by"":4754,"
,record_updated_on,,,"""record_updated_on"":""2025-06-20T18:48:47.087"","
,record_updated_by,users.t_police_staff_info.staff_id,"first_name, middle_name, last_name, login_id, rank_desc","""record_updated_by"":null,"
,record_sync_from,,,"""record_sync_from"":""MIGR_BATCH_1_2026-05-19_16_53"","
,record_sync_on,,,"""record_sync_on"":null"
,,,,}
,,,,"],"
t_apprehend_addresses,,,,"""t_apprehend_addresses"":["
,,,,{
,appr_addr_srno,,,"""appr_addr_srno"":850,"
,lang_cd,mdm.m_lookup_masters.look_up_code : OFFCL_LANG,look_up_value,"""lang_cd"":99,"
,appr_addr_srno_migr,,,"""appr_addr_srno_migr"":3810201123000001402,"
,apprehend_srno,,,"""apprehend_srno"":3810100126000078,"
,juvenile_srno,,,"""juvenile_srno"":381010032200011,"
,juvenile_vid,,,"""juvenile_vid"":117416,"
,juvenile_srno_migr,,,"""juvenile_srno_migr"":381010032200011,"
,address_type_cd,mdm.m_lookup_masters.look_up_code : ADD_TYP,look_up_value,"""address_type_cd"":2,"
,address_line_1,,,"""address_line_1"":""Kalu Chak"","
,address_line_2,,,"""address_line_2"":""Street 7"","
,address_line_3,,,"""address_line_3"":""Near Market"","
,sub_district_cd,mdm.m_sub_district.sub_district_cd,sub_district,"""sub_district_cd"":11,"
,village_cd,mdm.m_subdist_villages.village_cd,village_name,"""village_cd"":5001,"
,village,,,"""village"":""Zangskar Phay"","
,tehsil,,,"""tehsil"":""Salyan Word  No 5"","
,country_cd,mdm.m_lookup_masters.look_up_code : NATIONALITY,look_up_value,"""country_cd"":125,"
,pincode,,,"""pincode"":194302,"
,is_comm_addr,,,"""is_comm_addr"":true,"
,outside_india_addr,,,"""outside_india_addr"":null,"
,address_eng,,,"""address_eng"":""Zangskar Phay, KARGIL, JAMMU & KASHMIR, INDIA"","
,is_perm_addr_same,,,"""is_perm_addr_same"":true,"
,record_status,,,"""record_status"":""C"","
,record_created_on,,,"""record_created_on"":""2026-05-21T17:41:46.534464"","
,record_created_by,users.t_police_staff_info.staff_id,"first_name, middle_name, last_name, login_id, rank_desc","""record_created_by"":1234567,"
,record_updated_on,,,"""record_updated_on"":null,"
,record_updated_by,users.t_police_staff_info.staff_id,"first_name, middle_name, last_name, login_id, rank_desc","""record_updated_by"":4754,"
,record_sync_from,,,"""record_sync_from"":""MIGR_batch_1_2026-05-19_17_37"","
,record_sync_on,,,"""record_sync_on"":""2025-06-24T00:00:00"","
,lg_district_cd,mdm.m_district.lg_district_cd,lg_district_name,"""lg_district_cd"":14268,"
,ps_id,mdm.m_police_station.ps_id,"ps, ps_cd","""ps_id"":20411005,"
,state_id,mdm.m_state.state_id,"state, state_cd","""state_id"":24"
,,,,}
,,,,"],"
t_apprehend_bank_dtls,,,,"""t_apprehend_bank_dtls"":["
,,,,{
,appr_bank_srno,,,"""appr_bank_srno"":null,"
,lang_cd,mdm.m_lookup_masters.look_up_code : OFFCL_LANG,look_up_value,"""lang_cd"":null,"
,bankcard_id_srno_migr,,,"""bankcard_id_srno_migr"":null,"
,apprehend_srno,,,"""apprehend_srno"":null,"
,bank_cd,mdm.m_lookup_masters.look_up_code : BANKS,look_up_value,"""bank_cd"":null,"
,account_type_cd,mdm.m_lookup_masters.look_up_code : ACCNT_TYP,look_up_value,"""account_type_cd"":null,"
,account_num,,,"""account_num"":null,"
,bank_other_info,,,"""bank_other_info"":null,"
,record_status,,,"""record_status"":null,"
,record_created_on,,,"""record_created_on"":null,"
,record_created_by,users.t_police_staff_info.staff_id,"first_name, middle_name, last_name, login_id, rank_desc","""record_created_by"":null,"
,record_updated_on,,,"""record_updated_on"":null,"
,record_updated_by,users.t_police_staff_info.staff_id,"first_name, middle_name, last_name, login_id, rank_desc","""record_updated_by"":null"
,,,,}
,,,,"],"
t_apprehend_files,,,,"""t_apprehend_files"":["
,,,,{
,appr_file_srno,,,"""appr_file_srno"":216,"
,lang_cd,mdm.m_lookup_masters.look_up_code : OFFCL_LANG,look_up_value,"""lang_cd"":99,"
,juvenile_file_srno_migr,,,"""juvenile_file_srno_migr"":6258101001000049501,"
,apprehend_srno,,,"""apprehend_srno"":3810100126000078,"
,file_srno,,,"""file_srno"":1,"
,file_type_cd,mdm.m_lookup_masters.look_up_code : UPLOAD_FILE_TYP,look_up_value,"""file_type_cd"":10,"
,file_subtype_cd,mdm.m_lookup_masters.look_up_code : UPLOAD_FILE_SUB_TYP,look_up_value,"""file_subtype_cd"":101,"
,file_belongs_to,,,"""file_belongs_to"":""JUV_BACKGROUND"","
,file_belongs_to_srno,,,"""file_belongs_to_srno"":3810100126000078,"
,file_name,,,"""file_name"":""Thupstan Gyalson.jpg"","
,file_path,,,"""file_path"":""MANIPUR_20/BISHENPUR_20411/BISHENPUR_20411005/save/APPREHEND/"","
,file_desc,,,"""file_desc"":""Tundup Namgail "","
,file_size,,,"""file_size"":22225,"
,file_guid,,,"""file_guid"":""APPREHEND_3810100126000078_b68f1e0c961f4855b0ab86f9d12d36ac.PNG"","
,record_status,,,"""record_status"":""C"","
,record_created_on,,,"""record_created_on"":""2026-05-21T17:41:46.668165"","
,record_created_by,users.t_police_staff_info.staff_id,"first_name, middle_name, last_name, login_id, rank_desc","""record_created_by"":1234567,"
,record_updated_on,,,"""record_updated_on"":""2025-06-20T18:48:47.117"","
,record_updated_by,users.t_police_staff_info.staff_id,"first_name, middle_name, last_name, login_id, rank_desc","""record_updated_by"":null,"
,record_sync_from,,,"""record_sync_from"":""MIGR_BATCH_1_2026-05-26_12_44"","
,record_sync_on,,,"""record_sync_on"":""2025-06-24T00:00:00"""
,,,,}
,,,,"],"
t_apprehend_intimate_addr,,,,"""t_apprehend_intimate_addr"":["
,,,,{
,intmt_addr_srno,,,"""intmt_addr_srno"":115,"
,lang_cd,mdm.m_lookup_masters.look_up_code : OFFCL_LANG,look_up_value,"""lang_cd"":99,"
,rel_addr_cd_migr,,,"""rel_addr_cd_migr"":3810201123040000010,"
,apprehend_srno,,,"""apprehend_srno"":3810100126000078,"
,address_type_cd,mdm.m_lookup_masters.look_up_code : ADD_TYP,look_up_value,"""address_type_cd"":2,"
,address_line_1,,,"""address_line_1"":""House No 45"","
,address_line_2,,,"""address_line_2"":""Street 3"","
,address_line_3,,,"""address_line_3"":""Near Market"","
,sub_district_cd,mdm.m_sub_district.sub_district_cd,sub_district,"""sub_district_cd"":11,"
,village_cd,mdm.m_subdist_villages.village_cd,village_name,"""village_cd"":5001,"
,village,,,"""village"":""Nangloi"","
,tehsil,,,"""tehsil"":""Kargil"","
,country_cd,mdm.m_lookup_masters.look_up_code : NATIONALITY,look_up_value,"""country_cd"":91,"
,pincode,,,"""pincode"":110041,"
,is_comm_addr,,,"""is_comm_addr"":true,"
,outside_india_addr,,,"""outside_india_addr"":null,"
,address_eng,,,"""address_eng"":""Lankerchay, Kargil, PANIKHAR, Kargil, LADAKH, INDIA"","
,is_perm_addr_same,,,"""is_perm_addr_same"":true,"
,record_status,,,"""record_status"":""C"","
,record_created_on,,,"""record_created_on"":""2026-05-21T17:41:46.534464"","
,record_created_by,users.t_police_staff_info.staff_id,"first_name, middle_name, last_name, login_id, rank_desc","""record_created_by"":1234567,"
,record_updated_on,,,"""record_updated_on"":null,"
,record_updated_by,users.t_police_staff_info.staff_id,"first_name, middle_name, last_name, login_id, rank_desc","""record_updated_by"":4754,"
,record_sync_from,,,"""record_sync_from"":""MIGR_batch_1_2026-05-20_17_44"","
,record_sync_on,,,"""record_sync_on"":""2025-06-24T00:00:00"","
,lg_district_cd,mdm.m_district.lg_district_cd,lg_district_name,"""lg_district_cd"":20,"
,ps_id,mdm.m_police_station.ps_id,"ps, ps_cd","""ps_id"":20411005,"
,state_id,mdm.m_state.state_id,"state, state_cd","""state_id"":24"
,,,,}
,,,,"],"
t_apprehend_memo,,,,"""t_apprehend_memo"":["
,,,,{
,apprehend_srno,,,"""apprehend_srno"":3810100126000078,"
,lang_cd,mdm.m_lookup_masters.look_up_code : OFFCL_LANG,look_up_value,"""lang_cd"":99,"
,juvenile_vid,,,"""juvenile_vid"":119772,"
,juvenile_srno,,,"""juvenile_srno"":92581010010000495,"
,fir_juvenile_srno,,,"""fir_juvenile_srno"":null,"
,juvenile_srno_migr,,,"""juvenile_srno_migr"":92581010010000495,"
,state_id,mdm.m_state.state_id,"state, state_cd","""state_id"":27,"
,district_id,mdm.m_district.district_id,"district, district_cd","""district_id"":379,"
,ps_id,mdm.m_police_station.ps_id,"ps, ps_cd","""ps_id"":41361,"
,reg_srno,,,"""reg_srno"":null,"
,apprehend_year,,,"""apprehend_year"":2026,"
,fir_reg_num,,,"""fir_reg_num"":381010012600043,"
,is_from_gd,,,"""is_from_gd"":true,"
,gd_num,,,"""gd_num"":""38102011220720231545009"","
,gt_dt,,,"""gt_dt"":""2025-06-20T00:49:21.01"","
,apprehend_type_cd,mdm.m_lookup_masters.look_up_code : ARR_SURR_TYPE,look_up_value,"""apprehend_type_cd"":1,"
,apprehend_dt,,,"""apprehend_dt"":""2026-03-13T14:30:00"","
,apprehend_alphanum,,,"""apprehend_alphanum"":null,"
,first_name,,,"""first_name"":""ZAhoor Ahmed  Doiee "","
,middle_name,,,"""middle_name"":""singh"","
,last_name,,,"""last_name"":""Yountan"","
,first_name_eng,,,"""first_name_eng"":""raman"","
,middle_name_eng,,,"""middle_name_eng"":""Kumar"","
,last_name_eng,,,"""last_name_eng"":""yadav"","
,is_re_arrested,,,"""is_re_arrested"":false,"
,re_apprehend_srno,,,"""re_apprehend_srno"":null,"
,relation_type_cd,mdm.m_lookup_masters.look_up_code : RELATION_TYP,look_up_value,"""relation_type_cd"":7,"
,relative_name,,,"""relative_name"":""Zakir Hussain"","
,relative_name_eng,,,"""relative_name_eng"":""Ramesh Sharma"","
,relative_alias,,,"""relative_alias"":"""","
,rel_mobile_num,,,"""rel_mobile_num"":9876543430,"
,rel_telephone,,,"""rel_telephone"":null,"
,othr_rel_type_cd,mdm.m_lookup_masters.look_up_code : RELATION_TYP,look_up_value,"""othr_rel_type_cd"":null,"
,othr_rel_name,,,"""othr_rel_name"":null,"
,othr_rel_name_eng,,,"""othr_rel_name_eng"":null,"
,othr_rel_mobile_num,,,"""othr_rel_mobile_num"":null,"
,religion_cd,mdm.m_lookup_masters.look_up_code : RELIGION,look_up_value,"""religion_cd"":6,"
,national_id_type_cd,mdm.m_lookup_masters.look_up_code : NTNL_ID_DOC_TYP,look_up_value,"""national_id_type_cd"":null,"
,gender_cd,mdm.m_lookup_masters.look_up_code : GENDER,look_up_value,"""gender_cd"":3,"
,category_cd,mdm.m_lookup_masters.look_up_code : CATEGORY,look_up_value,"""category_cd"":5,"
,edu_qual_cd,mdm.m_lookup_masters.look_up_code : EDU_QUAL,look_up_value,"""edu_qual_cd"":[null],"
,living_status_cd,mdm.m_lookup_masters.look_up_code : LIVING_STATUS,look_up_value,"""living_status_cd"":25,"
,marital_status_cd,mdm.m_lookup_masters.look_up_code : MARTL_STATUS,look_up_value,"""marital_status_cd"":2,"
,occupation_cd,mdm.m_lookup_masters.look_up_code : OCCUPATION,look_up_value,"""occupation_cd"":140,"
,age_proof_type_cd,mdm.m_lookup_masters.look_up_code : AGE_DETERM,look_up_value,"""age_proof_type_cd"":null,"
,lang_dialect_cd,mdm.m_lookup_masters.look_up_code : LANG_DIALECTS,look_up_value,"""lang_dialect_cd"":0,"
,age_type_cd,mdm.m_lookup_masters.look_up_code : AGE_PANEL_TYPE,look_up_value,"""age_type_cd"":2,"
,age_yrs,,,"""age_yrs"":63,"
,age_months,,,"""age_months"":10,"
,yob,,,"""yob"":2008,"
,dob,,,"""dob"":""2007-12-04T00:00:00"","
,age_from_yrs,,,"""age_from_yrs"":25,"
,age_to_yrs,,,"""age_to_yrs"":28,"
,is_age_proof_req,,,"""is_age_proof_req"":false,"
,mobile_num,,,"""mobile_num"":9906971884,"
,telephone,,,"""telephone"":""91--"","
,email,,,"""email"":"""","
,nationality_cd,mdm.m_lookup_masters.look_up_code : NATIONALITY,look_up_value,"""nationality_cd"":125,"
,language_dialect_cd,mdm.m_lookup_masters.look_up_code : LANG_DIALECTS,look_up_value,"""language_dialect_cd"":0,"
,oth_identification_marks,,,"""oth_identification_marks"":""he stated, but not sure"","
,blood_group_cd,mdm.m_lookup_masters.look_up_code : BLOOD_GROUP,look_up_value,"""blood_group_cd"":null,"
,income_group_cd,mdm.m_lookup_masters.look_up_code : INCOME_GROUP,look_up_value,"""income_group_cd"":null,"
,height_from_cm,,,"""height_from_cm"":""172.72"","
,height_to_cm,,,"""height_to_cm"":""175.26"","
,weight_kg,,,"""weight_kg"":0,"
,eprison_pid,,,"""eprison_pid"":null,"
,apprehend_by_others,,,"""apprehend_by_others"":""PSI Mohd Ali"","
,apprehend_by_pis_cd,users.t_police_staff_info.staff_id,"first_name, middle_name, last_name, login_id, rank_desc","""apprehend_by_pis_cd"":""4754"","
,appr_from_district_cd,mdm.m_district.district_cd,"district, district_id","""appr_from_district_cd"":38102,"
,apprehend_beat_cd,mdm.m_ps_beat.beat_cd,beat_name,"""apprehend_beat_cd"":12,"
,apprehend_action_taken_cd,mdm.m_lookup_masters.look_up_code : ARRST_ACTN,look_up_value,"""apprehend_action_taken_cd"":11,"
,custody_action_other,,,"""custody_action_other"":""Arrest and released"","
,apprehend_status_cd,mdm.m_lookup_masters.look_up_code : ARRST_STATUS,look_up_value,"""apprehend_status_cd"":0,"
,court_order_details,,,"""court_order_details"":null,"
,is_apprehend_photo_taken,,,"""is_apprehend_photo_taken"":true,"
,belong_to_crime_gang,,,"""belong_to_crime_gang"":false,"
,criminal_gang_cd,??,??,"""criminal_gang_cd"":0,"
,injury_details,,,"""injury_details"":"""","
,is_med_exam_req,,,"""is_med_exam_req"":true,"
,apprehend_reason,,,"""apprehend_reason"":""Suspicious activity"","
,io_cd,users.t_police_staff_info.staff_id,"first_name, middle_name, last_name, login_id, rank_desc","""io_cd"":null,"
,is_relat_intimated,,,"""is_relat_intimated"":true,"
,intimate_rel_type_cd,mdm.m_lookup_masters.look_up_code : RELATION_TYP,look_up_value,"""intimate_rel_type_cd"":44,"
,intimate_rel_name,,,"""intimate_rel_name"":""Zakir Hussain"","
,intimate_dt,,,"""intimate_dt"":""2026-03-13T15:00:00"","
,intimation_given_to,,,"""intimation_given_to"":""Zakir Hussain"","
,intimate_mode_cd,mdm.m_lookup_masters.look_up_code : INFO_MODE,look_up_value,"""intimate_mode_cd"":8,"
,is_int_mob_verif,,,"""is_int_mob_verif"":false,"
,intimate_mob_num,,,"""intimate_mob_num"":9876543210,"
,intimate_mode_detail,,,"""intimate_mode_detail"":""9763855671"","
,intimation_remarks,,,"""intimation_remarks"":""Family informed"","
,is_appr_grnd_comm,,,"""is_appr_grnd_comm"":true,"
,pres_int_rel_addr_migr,,,"""pres_int_rel_addr_migr"":3810201123040000009,"
,perm_int_rel_addr_migr,,,"""perm_int_rel_addr_migr"":3810201123040000010,"
,is_fp_taken,,,"""is_fp_taken"":true,"
,is_fp_chance,,,"""is_fp_chance"":false,"
,is_dangerous,,,"""is_dangerous"":false,"
,is_juvenile_disable,,,"""is_juvenile_disable"":false,"
,physical_cond_cd,??,??,"""physical_cond_cd"":null,"
,has_prev_jump_bail,,,"""has_prev_jump_bail"":false,"
,prev_jump_bail_details,,,"""prev_jump_bail_details"":"""","
,is_generally_armed,,,"""is_generally_armed"":false,"
,operates_with_accomplish,,,"""operates_with_accomplish"":false,"
,is_known_criminal,,,"""is_known_criminal"":false,"
,known_criminal_details,,,"""known_criminal_details"":""false"","
,is_recidivist,,,"""is_recidivist"":false,"
,likely_jumps_bail,,,"""likely_jumps_bail"":false,"
,after_bail_commits_crime,,,"""after_bail_commits_crime"":false,"
,wanted_other_case,,,"""wanted_other_case"":false,"
,wanted_case_details,,,"""wanted_case_details"":"""","
,prev_conviction_detail,,,"""prev_conviction_detail"":null,"
,present_address_1_cd_migr,,,"""present_address_1_cd_migr"":null,"
,present_address_2_cd_migr,,,"""present_address_2_cd_migr"":null,"
,present_address_3_cd_migr,,,"""present_address_3_cd_migr"":null,"
,permanent_address_cd_migr,,,"""permanent_address_cd_migr"":null,"
,ps_intimate_dt,,,"""ps_intimate_dt"":""2021-11-17T16:30:00"","
,is_photo_taken,,,"""is_photo_taken"":true,"
,is_appr_perm_taken,,,"""is_appr_perm_taken"":false,"
,is_info_verified,,,"""is_info_verified"":false,"
,court_estbl_cd,??,??,"""court_estbl_cd"":null,"
,court_name,,,"""court_name"":null,"
,evidence_type_cd,mdm.m_lookup_masters.look_up_code : EVIDENCE_TYP,look_up_value,"""evidence_type_cd"":0,"
,id_type_cd,mdm.m_lookup_masters.look_up_code : IDENTITY_TYP,look_up_value,"""id_type_cd"":null,"
,is_proclaimed_offender,,,"""is_proclaimed_offender"":false,"
,other_living_status,,,"""other_living_status"":"""","
,apprehend_place,,,"""apprehend_place"":""Saboo Choke"","
,other_occupation,,,"""other_occupation"":""Student "","
,any_other_details,,,"""any_other_details"":null,"
,fir_copy_given_to,,,"""fir_copy_given_to"":""yes "","
,offender_details,,,"""offender_details"":"""","
,apprehend_circumstances,,,"""apprehend_circumstances"":null,"
,record_status,,,"""record_status"":""C"","
,record_created_on,,,"""record_created_on"":""2026-05-21T17:41:46.527463"","
,record_created_by,users.t_police_staff_info.staff_id,"first_name, middle_name, last_name, login_id, rank_desc","""record_created_by"":1234567,"
,record_updated_on,,,"""record_updated_on"":""2025-06-20T18:48:47.083"","
,record_updated_by,users.t_police_staff_info.staff_id,"first_name, middle_name, last_name, login_id, rank_desc","""record_updated_by"":4754,"
,record_sync_from,,,"""record_sync_from"":""MIGR_BATCH_1_2026-05-26_16_30"","
,record_sync_on,,,"""record_sync_on"":""2025-06-24T00:00:00"","
,alias,,,"""alias"":{""name"":""Raju"",""work"":""unemployed""},"
,custody_type_cd,mdm.m_lookup_masters.look_up_code : CUSTODY_TYPE,look_up_value,"""custody_type_cd"":3,"
,custody_type_name,,,"""custody_type_name"":""custodyTypeName"","
,jcwo_name,,,"""jcwo_name"":""Raman Radha Singh"","
,jcwo_parent_mobile_num,,,"""jcwo_parent_mobile_num"":67864567865,"
,jcwo_parent_address,,,"""jcwo_parent_address"":""Sri Dungargarh Rajasthan"","
,build_type_cd,mdm.m_lookup_masters.look_up_code : PHY_FEAT_PCODE_BUILD,look_up_value,"""build_type_cd"":null,"
,complexion_type_cd,mdm.m_lookup_masters.look_up_code : PHY_FEAT_PCODE_COMPL,look_up_value,"""complexion_type_cd"":null,"
,appr_from_state_id,mdm.m_state.state_id,"state, state_cd","""appr_from_state_id"":71,"
,appr_from_district_id,mdm.m_district.district_id,"district, district_cd","""appr_from_district_id"":1570,"
,appr_from_ps_id,mdm.m_police_station.ps_id,"ps, ps_cd","""appr_from_ps_id"":41361"
,,,,}
,,,,"],"
t_apprehend_national_id,,,,"""t_apprehend_national_id"":["
,,,,{
,national_id_srno,,,"""national_id_srno"":218,"
,lang_cd,mdm.m_lookup_masters.look_up_code : OFFCL_LANG,look_up_value,"""lang_cd"":99,"
,national_id_srno_migr,,,"""national_id_srno_migr"":3810201123000001401,"
,apprehend_srno,,,"""apprehend_srno"":381010032200011,"
,nationality_id_type_cd,mdm.m_lookup_masters.look_up_code : NTNL_ID_DOC_TYP,look_up_value,"""nationality_id_type_cd"":8,"
,national_id_num,,,"""national_id_num"":""8494088664"","
,passport_issue_dt,,,"""passport_issue_dt"":""1900-01-01T00:00:00"","
,passport_issue_plc,,,"""passport_issue_plc"":"""","
,record_status,,,"""record_status"":""C"","
,record_created_on,,,"""record_created_on"":""2025-06-20T18:48:47.057"","
,record_created_by,users.t_police_staff_info.staff_id,"first_name, middle_name, last_name, login_id, rank_desc","""record_created_by"":4754,"
,record_updated_on,,,"""record_updated_on"":""2025-06-20T18:48:47.057"","
,record_updated_by,users.t_police_staff_info.staff_id,"first_name, middle_name, last_name, login_id, rank_desc","""record_updated_by"":null,"
,record_sync_from,,,"""record_sync_from"":""MIGR_BATCH_1_2026-05-21_12_15"","
,record_sync_on,,,"""record_sync_on"":""2025-06-24T00:00:00"""
,,,,}
,,,,"],"
t_apprehend_socialmedia,,,,"""t_apprehend_socialmedia"":["
,,,,{
,appr_soc_med_srno,,,"""appr_soc_med_srno"":null,"
,lang_cd,mdm.m_lookup_masters.look_up_code : OFFCL_LANG,look_up_value,"""lang_cd"":null,"
,socialmedia_id_srno_migr,,,"""socialmedia_id_srno_migr"":null,"
,apprehend_srno,,,"""apprehend_srno"":null,"
,socialmedia_type_cd,mdm.m_lookup_masters.look_up_code : SOCIAL_MEDIA_TYP,look_up_value,"""socialmedia_type_cd"":null,"
,socialmedia_url,,,"""socialmedia_url"":null,"
,record_status,,,"""record_status"":null,"
,record_created_on,,,"""record_created_on"":null,"
,record_created_by,users.t_police_staff_info.staff_id,"first_name, middle_name, last_name, login_id, rank_desc","""record_created_by"":null,"
,record_updated_on,,,"""record_updated_on"":null,"
,record_updated_by,users.t_police_staff_info.staff_id,"first_name, middle_name, last_name, login_id, rank_desc","""record_updated_by"":null"
,,,,}
,,,,"],"
t_apprehend_witness,,,,"""t_apprehend_witness"":["
,,,,{
,appr_witns_srno,,,"""appr_witns_srno"":890,"
,lang_cd,mdm.m_lookup_masters.look_up_code : OFFCL_LANG,look_up_value,"""lang_cd"":99,"
,appr_witns_srno_migr,,,"""appr_witns_srno_migr"":14271026220001103,"
,apprehend_srno,,,"""apprehend_srno"":3810100126000078,"
,person_code_migr,,,"""person_code_migr"":92258101001901297,"
,first_name,,,"""first_name"":""Zulikha"","
,middle_name,,,"""middle_name"":""Zanskar "","
,last_name,,,"""last_name"":""Verma"","
,first_name_eng,,,"""first_name_eng"":""Amit"","
,middle_name_eng,,,"""middle_name_eng"":""K"","
,last_name_eng,,,"""last_name_eng"":""Verma"","
,relation_type_cd,mdm.m_lookup_masters.look_up_code : RELATION_TYP,look_up_value,"""relation_type_cd"":5,"
,relative_name,,,"""relative_name"":""Tsultim Phunchok"","
,age_type_cd,mdm.m_lookup_masters.look_up_code : AGE_PANEL_TYPE,look_up_value,"""age_type_cd"":2,"
,age_yrs,,,"""age_yrs"":32,"
,age_mnths,,,"""age_mnths"":10,"
,yob,,,"""yob"":1998,"
,dob,,,"""dob"":""1994-06-15T00:00:00"","
,age_frm_yrs,,,"""age_frm_yrs"":32,"
,age_to_yrs,,,"""age_to_yrs"":33,"
,mobile_num,,,"""mobile_num"":9876500000,"
,telephone,,,"""telephone"":null,"
,email,,,"""email"":""amit.verma@example.com"","
,nationality_cd,mdm.m_lookup_masters.look_up_code : NATIONALITY,look_up_value,"""nationality_cd"":125,"
,occupation_cd,mdm.m_lookup_masters.look_up_code : OCCUPATION,look_up_value,"""occupation_cd"":140,"
,gender_cd,mdm.m_lookup_masters.look_up_code : GENDER,look_up_value,"""gender_cd"":4,"
,marital_status_cd,mdm.m_lookup_masters.look_up_code : MARTL_STATUS,look_up_value,"""marital_status_cd"":2,"
,other_occupation,,,"""other_occupation"":""Advocate"","
,witn_evid_tender_cd,mdm.m_lookup_masters.look_up_code : EVIDENCE_TENDERED,look_up_value,"""witn_evid_tender_cd"":24,"
,witness_statement,,,"""witness_statement"":""بہ دریافت بیان کرتی ہوں کہ مظرہ محکمہ پولیس میں عرصے تقریبان ٣ سالوں سے ملازمات کرتی ہوں اور اسوقت مظرہ تیقریبان ٣ ماہ سے تھانہ پولیس لہہ میں بطور پی ایس آئی تعنیات ہوں واقع مورخہ ١٩/٠٦/٢٠٢٢ کا ہے کہ مظرہ قرار حکم جناب ایس ایچ او صاحبہ ایس ایچ او صاحبہ کے ہمراہ بہ سلسلہ تفتیش مقدمہ علت ٠٥ سال ٢٠٢٢ بجرایم ٣٦٦ آئی پی سی ٥ (ایل)/٦ پوکسو ایکٹ بطرف جاۓ وقوع چھو چھوت وغیرہ روانہ ہوئی تھی دوران تفتیش جناب ایس ایچ او صاحبہ نے راقمہ و دیگر گواہ کے روبرو ملزم مسمی اپندرا پریر المعروف ساگر ولد لوکندار دمی سا کنہ نیپال کے زیر مواخذہ حراست پولیس میں لیا جا کر فرد ضبطی بموقع مرتب کی گی جس پر مظرہ کا دستخط بھی ثبت ہے مابعد دوران موقع ملاحظہ جاۓ وقوع سے ایف ایس ایل ٹیم لہہ نے ١. ٹافی کے ایک خالی پیکٹ ٢. لوٹی چوکوپائی کے دو خالی پیکٹ ٣. دہی سندھ کے دو خالی گلاس ٤. بسکٹس کے ایک پیکٹ (بٹر بون ) مع چند بسکٹس ٥ بال کے چند راشہ جو کہ تین لفافہ میں بند ہے ٦. فوٹ پرنٹ جاۓ وقوع سے حاصل کی ہے ٧. جاۓ وقوع کے باہر موجود ایک عدد اندرشرٹ جاۓ وقوع سے حاصل کر کے ایس ایچ او صاحبہ نے بطور وجہ ثبوت قبضہ پولیس میں لیا جاکر فرد ضبطی بموقع مرتب کی گی دوران تفتیش مظلوم و ملزم مقدمہ هذا کو افسر تفتیش کنندہ نے براۓ میڈیکل ملاحظہ میڈیکل افسر صاحب کے روبرو پش کی دوران میڈیکل ملاحظہ میڈیکل افسر صاحب صدر ہسپتال لہہ نے مظلوم مقدمہ هذا و ملزم مقدمہ هذا سے چند نمونہ جات کو حاصل کر کے براۓ حاصل کرنے ماہرنہ راۓ افسر تفتیش کنندہ کے پش ہوئی جہنوں نے نمونہ جات کو مظرہ و ایف ایس ایل ٹیم کے روبرو بطور وجہ ثبوت قبضہ پولیس میں لیا جا کر فرد ضبطی بموقع مرتب کی گی جا پس بھی مظرہ کا دستخط ثبت ہے \nاسقدر مظر کا بیان دورست ہے             \n"","
,record_status,,,"""record_status"":""C"","
,record_created_on,,,"""record_created_on"":""2026-05-21T17:41:46.534464"","
,record_created_by,users.t_police_staff_info.staff_id,"first_name, middle_name, last_name, login_id, rank_desc","""record_created_by"":1234567,"
,record_updated_on,,,"""record_updated_on"":""2025-06-20T18:48:47.103"","
,record_updated_by,users.t_police_staff_info.staff_id,"first_name, middle_name, last_name, login_id, rank_desc","""record_updated_by"":null,"
,record_sync_from,,,"""record_sync_from"":""MIGR_BATCH_1_2026-05-26_16_31"","
,record_sync_on,,,"""record_sync_on"":null,"
,alias,,,"""alias"":null,"
,exist_witn_num,,,"""exist_witn_num"":null,"
,is_witn_mobile_verf,,,"""is_witn_mobile_verf"":false,"
,witn_category_cd,mdm.m_lookup_masters.look_up_code : CATEGORY,look_up_value,"""witn_category_cd"":null"
,,,,}
,,,,"],"
t_jcl_background_files,,,,"""t_jcl_background_files"":["
,,,,{
,file_upload_srno,,,"""file_upload_srno"":28,"
,lang_cd,mdm.m_lookup_masters.look_up_code : OFFCL_LANG,look_up_value,"""lang_cd"":99,"
,bg_report_srno,,,"""bg_report_srno"":29,"
,file_upload_srno_migr,,,"""file_upload_srno_migr"":null,"
,file_srno,,,"""file_srno"":1,"
,file_type_cd,mdm.m_lookup_masters.look_up_code : UPLOAD_FILE_TYP,look_up_value,"""file_type_cd"":10,"
,file_subtype_cd,mdm.m_lookup_masters.look_up_code : UPLOAD_FILE_SUB_TYP,look_up_value,"""file_subtype_cd"":101,"
,file_name,,,"""file_name"":""File upload request save.PNG"","
,file_path,,,"""file_path"":""LADAKH_38/LEH_38101/LEH_38101001/Submit/APPREHEND/"","
,file_belongs_to,,,"""file_belongs_to"":""JUV_BACKGROUND"","
,file_belongs_to_srno,,,"""file_belongs_to_srno"":3810100126000073,"
,file_guid,,,"""file_guid"":""APPREHEND_3810100126000073_f02c9559cf204c19a87e01ad269d8dce.PNG"","
,file_desc,,,"""file_desc"":""Juvenile background report"","
,file_size,,,"""file_size"":22225,"
,record_status,,,"""record_status"":""C"","
,record_created_on,,,"""record_created_on"":""2026-05-22T10:46:35.415951"","
,record_created_by,users.t_police_staff_info.staff_id,"first_name, middle_name, last_name, login_id, rank_desc","""record_created_by"":1234567,"
,record_updated_on,,,"""record_updated_on"":null,"
,record_updated_by,users.t_police_staff_info.staff_id,"first_name, middle_name, last_name, login_id, rank_desc","""record_updated_by"":null,"
,record_sync_from,,,"""record_sync_from"":null,"
,record_sync_on,,,"""record_sync_on"":null"
,,,,}
,,,,"],"
t_juv_background_report,,,,"""t_juv_background_report"":["
,,,,{
,bg_report_srno,,,"""bg_report_srno"":29,"
,lang_cd,mdm.m_lookup_masters.look_up_code : OFFCL_LANG,look_up_value,"""lang_cd"":99,"
,fir_reg_num,,,"""fir_reg_num"":null,"
,apprehend_srno,,,"""apprehend_srno"":3810100126000073,"
,juvenile_srno,,,"""juvenile_srno"":null,"
,age_vers,,,"""age_vers"":16,"
,age_source_cd,mdm.m_lookup_masters.look_up_code : JUV_AGE_PROOF,look_up_value,"""age_source_cd"":2,"
,is_married,,,"""is_married"":true,"
,spouse_name,,,"""spouse_name"":""kaka"","
,spouse_age,,,"""spouse_age"":29,"
,children_dtls,,,"""children_dtls"":""No children"","
,child_age,,,"""child_age"":13,"
,religion_attitude,,,"""religion_attitude"":""Follows family religious practices"","
,present_living_cond,,,"""present_living_cond"":""Living with parents in rented house"","
,home_discipline_dtls,,,"""home_discipline_dtls"":""Moderate discipline at home"","
,other_factors,,,"""other_factors"":""Influence of peer group"","
,employment_dtls,,,"""employment_dtls"":""Part-time helper in shop"","
,income_util_manner,,,"""income_util_manner"":""Supports family expenses"","
,work_record,,,"""work_record"":""Irregular attendance"","
,edu_qual_cd,mdm.m_lookup_masters.look_up_code : EDU_QUAL,look_up_value,"""edu_qual_cd"":5,"
,family_leave_reason,,,"""family_leave_reason"":""Family disputes"","
,last_school_stud,,,"""last_school_stud"":""Government High School"","
,vocational_training,,,"""vocational_training"":""Basic computer training"","
,att_toward_friend,,,"""att_toward_friend"":""Friendly but easily influenced"","
,attitude_of_friend,,,"""attitude_of_friend"":""Friends supportive but misguided"","
,attitude_of_teacher,,,"""attitude_of_teacher"":""Teachers report indiscipline"","
,neighbour_observ,,,"""neighbour_observ"":""Neighbours report frequent absence from home"","
,onbserv_abt_neighbour,,,"""onbserv_abt_neighbour"":""Neighbour concerned about behaviour"","
,is_victim_offence,,,"""is_victim_offence"":true,"
,victim_offence_dtls,,,"""victim_offence_dtls"":""victimOffenceDtls"","
,is_drug_peddler_used,,,"""is_drug_peddler_used"":true,"
,drug_peddler_used_dtls,,,"""drug_peddler_used_dtls"":""drugPeddlerUsedDtls"","
,has_tend_run_away,,,"""has_tend_run_away"":true,"
,run_away_dtls,,,"""run_away_dtls"":""Ran away from home twice"","
,is_earlier_apprehend,,,"""is_earlier_apprehend"":true,"
,prev_apprehend_dtls,,,"""prev_apprehend_dtls"":""Apprehended for petty theft"","
,prev_case_history,,,"""prev_case_history"":""One previous petty theft case"","
,health_conditions,,,"""health_conditions"":""Physically fit"","
,mental_condition,,,"""mental_condition"":""Emotionally unstable at times"","
,any_othr_remarks,,,"""any_othr_remarks"":""Needs counselling"","
,emotional_factors,,,"""emotional_factors"":""Family conflicts"","
,intelligence_dtls,,,"""intelligence_dtls"":""Average intelligence"","
,suggestive_problems,,,"""suggestive_problems"":""Peer pressure"","
,socio_eco_status,,,"""socio_eco_status"":""Lower middle class"","
,enquiry_analysis,,,"""enquiry_analysis"":""Needs social rehabilitation"","
,expert_opinion,,,"""expert_opinion"":""Recommend psychological counselling"","
,rehab_recommend,,,"""rehab_recommend"":""Vocational training and supervision"","
,physical_cond_cd,??,??,"""physical_cond_cd"":1,"
,record_status,,,"""record_status"":""C"","
,record_created_on,,,"""record_created_on"":""2026-05-22T10:46:35.174951"","
,record_created_by,users.t_police_staff_info.staff_id,"first_name, middle_name, last_name, login_id, rank_desc","""record_created_by"":1234567,"
,record_updated_on,,,"""record_updated_on"":null,"
,record_updated_by,users.t_police_staff_info.staff_id,"first_name, middle_name, last_name, login_id, rank_desc","""record_updated_by"":null,"
,record_sync_from,,,"""record_sync_from"":null,"
,record_sync_on,,,"""record_sync_on"":null,"
,ps_id,mdm.m_police_station.ps_id,"ps, ps_cd","""ps_id"":15963,"
,other_physical_desc,,,"""other_physical_desc"":""Other Physical Description"","
,build_type_cd,mdm.m_lookup_masters.look_up_code : PHY_FEAT_PCODE_BUILD,look_up_value,"""build_type_cd"":3,"
,complexion_type_cd,mdm.m_lookup_masters.look_up_code : PHY_FEAT_PCODE_COMPL,look_up_value,"""complexion_type_cd"":8,"
,height_from,,,"""height_from"":""165"","
,height_to,,,"""height_to"":""175"","
,bg_report_srno_migr,,,"""bg_report_srno_migr"":null"
,,,,}
,,,,"],"
t_juv_dress,,,,"""t_juv_dress"":["
,,,,{
,juv_dress_srno,,,"""juv_dress_srno"":159,"
,lang_cd,mdm.m_lookup_masters.look_up_code : OFFCL_LANG,look_up_value,"""lang_cd"":99,"
,fir_accused_srno_migr,,,"""fir_accused_srno_migr"":null,"
,bg_report_srno,,,"""bg_report_srno"":29,"
,fir_reg_num,,,"""fir_reg_num"":38102003210009,"
,dress_for_cd,mdm.m_lookup_masters.look_up_code : PHY_DESC_TYP,look_up_value,"""dress_for_cd"":8,"
,dress_type_cd,mdm.m_lookup_masters.look_up_code : PHYSCL_FEATURES,look_up_value,"""dress_type_cd"":443,"
,dress_type,,,"""dress_type"":""MALE SEASONAL/ACCESSORIES TOP"","
,dress_subtype_cd,mdm.m_lookup_masters.look_up_code : PHYSCL_FEATURES,look_up_value,"""dress_subtype_cd"":682,"
,dress_subtype,,,"""dress_subtype"":""WINTER SWEATER"","
,othr_dress_dtls,,,"""othr_dress_dtls"":""other type "","
,record_status,,,"""record_status"":""C"","
,record_created_on,,,"""record_created_on"":""2026-05-22T10:46:35.415951"","
,record_created_by,users.t_police_staff_info.staff_id,"first_name, middle_name, last_name, login_id, rank_desc","""record_created_by"":4754,"
,record_updated_on,,,"""record_updated_on"":""2025-06-20T18:48:47.083"","
,record_updated_by,users.t_police_staff_info.staff_id,"first_name, middle_name, last_name, login_id, rank_desc","""record_updated_by"":4754,"
,record_sync_from,,,"""record_sync_from"":""MIGR"","
,record_sync_on,,,"""record_sync_on"":""2025-06-24T00:00:00"""
,,,,}
,,,,"],"
t_juv_family_dtls,,,,"""t_juv_family_dtls"":["
,,,,{
,juv_family_srno,,,"""juv_family_srno"":52,"
,lang_cd,mdm.m_lookup_masters.look_up_code : OFFCL_LANG,look_up_value,"""lang_cd"":99,"
,juvenile_vid,,,"""juvenile_vid"":null,"
,juvenile_srno,,,"""juvenile_srno"":null,"
,apprehend_srno,,,"""apprehend_srno"":null,"
,bg_report_srno,,,"""bg_report_srno"":29,"
,relation_type_cd,mdm.m_lookup_masters.look_up_code : RELATION_TYP,look_up_value,"""relation_type_cd"":2,"
,relative_name,,,"""relative_name"":""Sunita Devi"","
,relative_name_eng,,,"""relative_name_eng"":""Sunita Devi"","
,relative_alias,,,"""relative_alias"":null,"
,rel_mobile_num,,,"""rel_mobile_num"":null,"
,rel_telephone,,,"""rel_telephone"":null,"
,age_type_cd,mdm.m_lookup_masters.look_up_code : AGE_PANEL_TYPE,look_up_value,"""age_type_cd"":1,"
,age_yrs,,,"""age_yrs"":45,"
,age_months,,,"""age_months"":0,"
,yob,,,"""yob"":1985,"
,dob,,,"""dob"":""1985-08-20T00:00:00"","
,age_from_yrs,,,"""age_from_yrs"":null,"
,age_to_yrs,,,"""age_to_yrs"":null,"
,gender_cd,mdm.m_lookup_masters.look_up_code : GENDER,look_up_value,"""gender_cd"":2,"
,edu_qual_cd,mdm.m_lookup_masters.look_up_code : EDU_QUAL,look_up_value,"""edu_qual_cd"":4,"
,occupation_cd,mdm.m_lookup_masters.look_up_code : OCCUPATION,look_up_value,"""occupation_cd"":5,"
,health_status,,,"""health_status"":""Healthy"","
,mental_health_hist,,,"""mental_health_hist"":""None"","
,addiction_cd,??,??,"""addiction_cd"":0,"
,crime_nature,,,"""crime_nature"":null,"
,legal_status,,,"""legal_status"":null,"
,arrest_dtls,,,"""arrest_dtls"":null,"
,punishment_awarded,,,"""punishment_awarded"":null,"
,confine_period,,,"""confine_period"":null,"
,record_status,,,"""record_status"":""C"","
,record_created_on,,,"""record_created_on"":""2026-05-22T10:46:35.17595"","
,record_created_by,users.t_police_staff_info.staff_id,"first_name, middle_name, last_name, login_id, rank_desc","""record_created_by"":1234567,"
,record_updated_on,,,"""record_updated_on"":null,"
,record_updated_by,users.t_police_staff_info.staff_id,"first_name, middle_name, last_name, login_id, rank_desc","""record_updated_by"":null,"
,record_sync_from,,,"""record_sync_from"":null,"
,record_sync_on,,,"""record_sync_on"":null"
,,,,}
,,,,"],"
t_juv_identity_marks,,,,"""t_juv_identity_marks"":["
,,,,{
,juv_identity_srno,,,"""juv_identity_srno"":20,"
,lang_cd,mdm.m_lookup_masters.look_up_code : OFFCL_LANG,look_up_value,"""lang_cd"":99,"
,appr_identity_srno_migr,,,"""appr_identity_srno_migr"":null,"
,bg_report_srno,,,"""bg_report_srno"":29,"
,id_marks_type_cd,mdm.m_lookup_masters.look_up_code : IDENTITY_MARKS,look_up_value,"""id_marks_type_cd"":102,"
,body_part_loc_cd,mdm.m_lookup_masters.look_up_code : PHYSCL_FEATURES,look_up_value,"""body_part_loc_cd"":203,"
,tattoo_type_cd,mdm.m_lookup_masters.look_up_code : IDENTITY_MARKS,look_up_value,"""tattoo_type_cd"":7,"
,tattoo_mark_desc,,,"""tattoo_mark_desc"":""Not Good Tatooo"","
,record_status,,,"""record_status"":""C"","
,record_created_on,,,"""record_created_on"":""2026-05-22T10:46:35.415951"","
,record_created_by,users.t_police_staff_info.staff_id,"first_name, middle_name, last_name, login_id, rank_desc","""record_created_by"":1234567,"
,record_updated_on,,,"""record_updated_on"":null,"
,record_updated_by,users.t_police_staff_info.staff_id,"first_name, middle_name, last_name, login_id, rank_desc","""record_updated_by"":null,"
,record_sync_from,,,"""record_sync_from"":null,"
,record_sync_on,,,"""record_sync_on"":null"
,,,,}
,,,,"],"
t_juv_phy_abuse,,,,"""t_juv_phy_abuse"":["
,,,,{
,juv_abuse_srno,,,"""juv_abuse_srno"":22,"
,lang_cd,mdm.m_lookup_masters.look_up_code : OFFCL_LANG,look_up_value,"""lang_cd"":99,"
,juvenile_vid,,,"""juvenile_vid"":100,"
,juvenile_srno,,,"""juvenile_srno"":200,"
,apprehend_srno,,,"""apprehend_srno"":null,"
,bg_report_srno,,,"""bg_report_srno"":29,"
,abuse_type_cd,mdm.m_lookup_masters.look_up_code : ABUSE_TYPE,look_up_value,"""abuse_type_cd"":2,"
,abuse_remarks,,,"""abuse_remarks"":""Reported physical abuse by relative"","
,record_status,,,"""record_status"":""C"","
,record_created_on,,,"""record_created_on"":""2026-05-22T10:46:35.174951"","
,record_created_by,users.t_police_staff_info.staff_id,"first_name, middle_name, last_name, login_id, rank_desc","""record_created_by"":1234567,"
,record_updated_on,,,"""record_updated_on"":null,"
,record_updated_by,users.t_police_staff_info.staff_id,"first_name, middle_name, last_name, login_id, rank_desc","""record_updated_by"":null,"
,record_sync_from,,,"""record_sync_from"":null,"
,record_sync_on,,,"""record_sync_on"":null"
,,,,}
,,,,"],"
t_juv_phy_feature,,,,"""t_juv_phy_feature"":["
,,,,{
,juv_phy_feat_srno,,,"""juv_phy_feat_srno"":1622,"
,lang_cd,mdm.m_lookup_masters.look_up_code : OFFCL_LANG,look_up_value,"""lang_cd"":99,"
,bg_report_srno,,,"""bg_report_srno"":29,"
,juvenile_srno,,,"""juvenile_srno"":92581010010000495,"
,juvenile_srno_migr,,,"""juvenile_srno_migr"":92581010010000495,"
,phy_feat_category_cd,mdm.m_lookup_masters.look_up_code : PHY_DESC_TYP,look_up_value,"""phy_feat_category_cd"":6,"
,phy_feature_maj_cd,mdm.m_lookup_masters.look_up_parentcode : PHYSCL_FEATURES,look_up_parentvalue,"""phy_feature_maj_cd"":53,"
,phy_feature_min_cd,mdm.m_lookup_masters.look_up_code : PHYSCL_FEATURES,look_up_value,"""phy_feature_min_cd"":686,"
,record_status,,,"""record_status"":""C"","
,record_created_on,,,"""record_created_on"":""2026-05-22T10:46:35.415951"","
,record_created_by,users.t_police_staff_info.staff_id,"first_name, middle_name, last_name, login_id, rank_desc","""record_created_by"":1234567,"
,record_updated_on,,,"""record_updated_on"":""2025-06-20T18:48:47.083"","
,record_updated_by,users.t_police_staff_info.staff_id,"first_name, middle_name, last_name, login_id, rank_desc","""record_updated_by"":4754,"
,record_sync_on,,,"""record_sync_on"":""2025-06-24T00:00:00"","
,record_sync_from,,,"""record_sync_from"":""MIGR"","
,juvenile_vid,,,"""juvenile_vid"":117416,"
,othr_dress_type,,,"""othr_dress_type"":null,"
,phy_feat_category,,,"""phy_feat_category"":""Speech"","
,phy_feature_major,,,"""phy_feature_major"":""USING WIG"","
,phy_feature_minor,,,"""phy_feature_minor"":""YES"""
,,,,}
,,,,"],"
t_apprehend_witness_addr,,,,"""t_apprehend_witness_addr"":["
,,,,{
,appr_witn_addr_srno,,,"""appr_witn_addr_srno"":2714,"
,lang_cd,mdm.m_lookup_masters.look_up_code : OFFCL_LANG,look_up_value,"""lang_cd"":99,"
,address_cd_migr,,,"""address_cd_migr"":3810201123020000130,"
,appr_witns_srno,,,"""appr_witns_srno"":629,"
,appr_witns_srno_migr,,,"""appr_witns_srno_migr"":14271026220001103,"
,address_type_cd,mdm.m_lookup_masters.look_up_code : ADD_TYP,look_up_value,"""address_type_cd"":2,"
,address_line_1,,,"""address_line_1"":""Flat 21"","
,address_line_2,,,"""address_line_2"":""Sector 5"","
,address_line_3,,,"""address_line_3"":""Dwarka"","
,sub_district_cd,mdm.m_sub_district.sub_district_cd,sub_district,"""sub_district_cd"":11,"
,village_cd,mdm.m_subdist_villages.village_cd,village_name,"""village_cd"":5002,"
,village,,,"""village"":""Zanskar"","
,tehsil,,,"""tehsil"":""Zanskar "","
,country_cd,mdm.m_lookup_masters.look_up_code : NATIONALITY,look_up_value,"""country_cd"":125,"
,pincode,,,"""pincode"":194302,"
,is_comm_addr,,,"""is_comm_addr"":true,"
,is_perm_addr_same,,,"""is_perm_addr_same"":true,"
,outside_india_addr,,,"""outside_india_addr"":null,"
,address_eng,,,"""address_eng"":""Zanskar, ZANSKAR, Kargil, LADAKH, INDIA"","
,record_status,,,"""record_status"":""C"","
,record_created_on,,,"""record_created_on"":""2026-05-21T17:41:46.534464"","
,record_created_by,users.t_police_staff_info.staff_id,"first_name, middle_name, last_name, login_id, rank_desc","""record_created_by"":1234567,"
,record_updated_on,,,"""record_updated_on"":""2025-06-20T18:48:47.103"","
,record_updated_by,users.t_police_staff_info.staff_id,"first_name, middle_name, last_name, login_id, rank_desc","""record_updated_by"":null,"
,record_sync_from,,,"""record_sync_from"":""MIGR_batch_1_2026-05-20_16_43"","
,record_sync_on,,,"""record_sync_on"":""2025-06-24T00:00:00"","
,lg_district_cd,mdm.m_district.lg_district_cd,lg_district_name,"""lg_district_cd"":20,"
,ps_id,mdm.m_police_station.ps_id,"ps, ps_cd","""ps_id"":20411005,"
,state_id,mdm.m_state.state_id,"state, state_cd","""state_id"":71"
,,,,}
,,,,]
,,,,}
